{"cameraMode":{"drawMode":0,"name":"Shaded","section":"Shading Mode"},"sceneLighting":false,"audioPlay":false,"sceneViewState":{"showFog":true,"showMaterialUpdate":false,"showSkybox":true,"showFlares":true,"showImageEffects":true,"showParticleSystems":true},"in2DMode":false,"pivot":{"x":2.7897372245788576,"y":-1.6495790481567383,"z":-1.567842960357666},"rotation":{"x":0.4062555730342865,"y":-0.5790235996246338,"z":0.4065723717212677,"w":0.5782589912414551},"size":17.347471237182618,"orthographic":false}